active_from,active_to,birth_date,college,height,name,position,url,weight,height_inches
1991,1995,"June 24, 1968",Duke University,6-10,Alaa Abdelnaby,F-C,/players/a/abdelal01.html,240,82.0
1969,1978,"April 7, 1946",Iowa State University,6-9,Zaid Abdul-Aziz,C-F,/players/a/abdulza01.html,235,81.0
1970,1989,"April 16, 1947","University of California, Los Angeles",7-2,Kareem Abdul-Jabbar,C,/players/a/abdulka01.html,225,86.0
1991,2001,"March 9, 1969",Louisiana State University,6-1,Mahmoud Abdul-Rauf,G,/players/a/abdulma02.html,162,73.0
1998,2003,"November 3, 1974","University of Michigan, San Jose State University",6-6,Tariq Abdul-Wahad,F,/players/a/abdulta01.html,223,78.0
1997,2008,"December 11, 1976",University of California,6-9,Shareef Abdur-Rahim,F,/players/a/abdursh01.html,225,81.0
1977,1981,"May 6, 1954",Indiana University,6-7,Tom Abernethy,F,/players/a/abernto01.html,220,79.0
1957,1957,"July 27, 1932",Western Kentucky University,6-3,Forest Able,G,/players/a/ablefo01.html,180,75.0
1947,1948,"February 9, 1919",Salem International University,6-3,John Abramovic,F,/players/a/abramjo01.html,195,75.0
2017,2018,"August 1, 1993",,6-6,Alex Abrines,G-F,/players/a/abrinal01.html,190,78.0
2006,2009,"January 21, 1983",Pepperdine University,6-5,Alex Acker,G,/players/a/ackeral01.html,185,77.0
1954,1954,"September 4, 1930",Long Island University,6-0,Don Ackerman,G,/players/a/ackerdo01.html,183,72.0
1988,1993,"November 15, 1962",Oral Roberts University,6-11,Mark Acres,F-C,/players/a/acresma01.html,220,83.0
1968,1968,"January 11, 1942",Hillsdale College,6-6,Bud Acton,F,/players/a/actonbu01.html,210,78.0
2013,2018,"October 6, 1990",Baylor University,6-7,Quincy Acy,F,/players/a/acyqu01.html,240,79.0
1976,1988,"July 19, 1954",University of Oklahoma,6-9,Alvan Adams,C-F,/players/a/adamsal01.html,210,81.0
1971,1977,"November 27, 1947",Northwestern University,6-6,Don Adams,F,/players/a/adamsdo01.html,210,78.0
1973,1975,"May 15, 1949",Gardner-Webb University,6-5,George Adams,F-G,/players/a/adamsge01.html,210,77.0
2007,2009,"June 20, 1984",University of Arizona,6-4,Hassan Adams,G,/players/a/adamsha01.html,220,76.0
2015,2016,"July 8, 1994","University of California, Los Angeles",6-5,Jordan Adams,G,/players/a/adamsjo01.html,209,77.0
1986,1996,"January 19, 1963",Boston College,5-10,Michael Adams,G,/players/a/adamsmi01.html,162,70.0
2014,2018,"July 20, 1993",University of Pittsburgh,7-0,Steven Adams,C,/players/a/adamsst01.html,255,84.0
1987,1997,"July 22, 1964",Syracuse University,6-7,Rafael Addison,F-G,/players/a/addisra01.html,215,79.0
2018,2018,"July 18, 1997",University of Kentucky,6-10,Bam Adebayo,C-F,/players/a/adebaba01.html,243,82.0
1969,1975,"June 16, 1946",Loyola Marymount University,6-1,Rick Adelman,G,/players/a/adelmri01.html,175,73.0
2011,2015,"February 10, 1986",University of Connecticut,6-7,Jeff Adrien,F,/players/a/adrieje01.html,245,79.0
2008,2018,"October 15, 1985","University of California, Los Angeles",6-5,Arron Afflalo,G,/players/a/afflaar01.html,210,77.0
2007,2011,"February 9, 1984",Michigan State University,6-5,Maurice Ager,G,/players/a/agerma01.html,202,77.0
1982,1994,"December 10, 1959",DePaul University,6-6,Mark Aguirre,F-G,/players/a/aguirma01.html,232,78.0
2008,2012,"May 27, 1984",Missouri State University,6-2,Blake Ahearn,G,/players/a/ahearbl01.html,190,74.0
1982,1995,"March 17, 1959",Brigham Young University,6-4,Danny Ainge,G,/players/a/aingeda01.html,175,76.0
1968,1968,"September 21, 1944",Michigan State University,6-7,Matthew Aitch,F,/players/a/aitchma01.html,230,79.0
2009,2017,"May 6, 1988",,7-2,Alexis Ajinca,C,/players/a/ajincal01.html,248,86.0
1967,1969,"July 31, 1944",Morehead State University,6-10,Henry Akin,C-F,/players/a/akinhe01.html,225,82.0
2013,2013,"February 10, 1986","Washington State University, California State University, Fullerton",5-11,Josh Akognon,G,/players/a/akognjo01.html,185,71.0
2011,2012,"March 21, 1988",Florida State University,7-1,Solomon Alabi,C,/players/a/alabiso01.html,251,85.0
1987,1991,"December 11, 1963",Duke University,6-8,Mark Alarie,F,/players/a/alarima01.html,217,80.0
1960,1961,"October 8, 1936","California State University, Fresno",6-9,Gary Alcorn,C,/players/a/alcorga01.html,225,81.0
2015,2015,"August 9, 1991",,6-10,Furkan Aldemir,F-C,/players/a/aldemfu01.html,240,82.0
2011,2018,"October 31, 1988",University of Kansas,6-11,Cole Aldrich,C,/players/a/aldrico01.html,250,83.0
2007,2018,"July 19, 1985",University of Texas at Austin,6-11,LaMarcus Aldridge,F-C,/players/a/aldrila01.html,260,83.0
1985,1985,"February 26, 1959","University of Kentucky, University of Connecticut",6-11,Chuck Aleksinas,C,/players/a/aleksch01.html,260,83.0
2016,2016,"November 16, 1995",University of Kansas,6-8,Cliff Alexander,F,/players/a/alexacl01.html,245,80.0
1996,2005,"June 22, 1973",University of Virginia,6-1,Cory Alexander,G,/players/a/alexaco01.html,185,73.0
2001,2003,"April 27, 1977","University of Virginia, California State University, Fresno",6-5,Courtney Alexander,G,/players/a/alexaco02.html,205,77.0
1994,1994,"November 1, 1969",University of South Florida,6-7,Gary Alexander,F,/players/a/alexaga01.html,240,79.0
2009,2010,"December 26, 1986",West Virginia University,6-8,Joe Alexander,F,/players/a/alexajo01.html,230,80.0
1992,2002,"August 31, 1969",Iowa State University,6-9,Victor Alexander,C-F,/players/a/alexavi01.html,265,81.0
1988,1991,"November 23, 1964",Indiana University,6-2,Steve Alford,G,/players/a/alforst01.html,183,74.0
1968,1968,,New Mexico State University,6-8,Bill Allen,C-F,/players/a/allenbi01.html,205,80.0
1969,1969,"July 17, 1946",Marshall University,6-9,Bob Allen,F,/players/a/allenbo01.html,205,81.0
2018,2018,"April 21, 1998",University of Texas at Austin,6-10,Jarrett Allen,F-C,/players/a/allenja01.html,234,82.0
1996,1997,"January 28, 1973",University of Pennsylvania,6-4,Jerome Allen,G,/players/a/allenje01.html,184,76.0
2018,2018,"January 15, 1993",University of Arizona,6-3,Kadeem Allen,G,/players/a/allenka01.html,192,75.0
2012,2017,"February 4, 1989",Temple University,6-9,Lavoy Allen,F-C,/players/a/allenla01.html,260,81.0
1970,1979,"September 26, 1947","University of California, Los Angeles",6-2,Lucius Allen,G,/players/a/allenlu01.html,175,74.0
2002,2011,"June 27, 1978",Villanova University,6-10,Malik Allen,F-C,/players/a/allenma01.html,255,82.0
1989,1990,"January 26, 1965",Florida State University,6-8,Randy Allen,F,/players/a/allenra01.html,220,80.0
1997,2014,"July 20, 1975",University of Connecticut,6-5,Ray Allen,G,/players/a/allenra02.html,205,77.0
2005,2018,"January 11, 1982","Butler County Community College, Oklahoma State University",6-4,Tony Allen,G-F,/players/a/allento01.html,213,76.0
1972,1972,"February 8, 1949",University of Miami,6-6,Willie Allen,F,/players/a/allenwi01.html,230,78.0
1972,1972,"October 2, 1949","University of Nevada, Las Vegas",6-6,Odis Allison,F,/players/a/allisod01.html,195,78.0
2008,2008,"February 2, 1981","University of Utah, Weber State University",6-11,Lance Allred,C,/players/a/allrela01.html,250,83.0
1981,1981,"September 12, 1958","University of California, Los Angeles",6-9,Darrell Allums,F,/players/a/allumda01.html,220,81.0
2008,2012,"February 2, 1985",Rice University,6-6,Morris Almond,G,/players/a/almonmo01.html,225,78.0
1995,1997,"August 20, 1972",Duquesne University,6-11,Derrick Alston,F,/players/a/alstode01.html,225,83.0
2000,2010,"July 24, 1976","California State University, Fresno",6-2,Rafer Alston,G,/players/a/alstora01.html,171,74.0
1999,1999,"April 23, 1973",Liberty University,6-10,Peter Aluma,C,/players/a/alumape01.html,260,82.0
1996,2003,"November 26, 1970","Vanderbilt University, Pennsylvania State University",6-10,John Amaechi,C-F,/players/a/amaecjo01.html,270,82.0
1996,1997,"November 23, 1971",Southern Illinois University,6-8,Ashraf Amaya,F,/players/a/amayaas01.html,230,80.0
2011,2018,"September 21, 1990",Wake Forest University,6-9,Al-Farouq Aminu,F,/players/a/aminual01.html,220,81.0
2007,2016,"December 7, 1982","University of Nevada, Las Vegas",6-9,Lou Amundson,F,/players/a/amundlo01.html,220,81.0
1960,1960,"August 24, 1937",Michigan State University,6-3,Bob Anderegg,F-G,/players/a/anderbo01.html,200,75.0
2002,2017,"July 7, 1978",Blinn College,6-10,Chris Andersen,F-C,/players/a/anderch01.html,245,82.0
2010,2011,"June 23, 1980",,6-11,David Andersen,C,/players/a/anderda03.html,245,83.0
2006,2017,"October 16, 1982",Michigan State University,6-6,Alan Anderson,G-F,/players/a/anderal01.html,220,78.0
1968,1970,"July 6, 1945",Canisius College,6-2,Andrew Anderson,G,/players/a/anderan01.html,184,74.0
2010,2010,"June 5, 1985",University of Memphis,6-6,Antonio Anderson,G,/players/a/anderan02.html,215,78.0
1968,1971,"September 7, 1944",Saint Joseph's University,6-2,Cliff Anderson,G-F,/players/a/andercl01.html,200,74.0
1968,1969,"February 15, 1943",Augsburg College,6-10,Dan Anderson,C,/players/a/anderda01.html,230,82.0
1975,1976,"January 1, 1951",University of Southern California,6-2,Dan Anderson,G,/players/a/anderda02.html,185,74.0
1998,2008,"July 18, 1974","Ohio State University, University of Kentucky",6-5,Derek Anderson,G,/players/a/anderde01.html,194,77.0
1983,1983,"December 28, 1960","University of Kentucky, University of Southern California",6-3,Dwight Anderson,G,/players/a/anderdw01.html,185,75.0
1993,1994,"May 26, 1970",Indiana University,6-9,Eric Anderson,F,/players/a/anderer01.html,220,81.0
1988,1998,"June 22, 1964",University of Houston,6-10,Greg Anderson,F-C,/players/a/andergr01.html,230,82.0
1983,1985,"September 23, 1960",Bradley University,6-8,J.J. Anderson,F,/players/a/anderjj01.html,195,80.0
2011,2016,"March 25, 1989",Oklahoma State University,6-6,James Anderson,G-F,/players/a/anderja01.html,213,78.0
1976,1977,"October 9, 1953",West Virginia University,6-5,Jerome Anderson,G,/players/a/anderje01.html,195,77.0
2016,2018,"November 19, 1993",University of Virginia,6-6,Justin Anderson,G,/players/a/anderju01.html,228,78.0
1992,2005,"October 9, 1970",Georgia Institute of Technology,6-0,Kenny Anderson,G,/players/a/anderke01.html,168,72.0
1979,1979,"May 12, 1955",University of Missouri,6-7,Kim Anderson,F,/players/a/anderki01.html,200,79.0
2015,2018,"September 20, 1993","University of California, Los Angeles",6-9,Kyle Anderson,F-G,/players/a/anderky01.html,230,81.0
1989,1989,"March 23, 1966",Drexel University,5-11,Michael Anderson,G,/players/a/andermi01.html,184,71.0
1990,2002,"January 20, 1968",University of Illinois at Urbana-Champaign,6-6,Nick Anderson,F-G,/players/a/anderni01.html,205,78.0
1983,1990,"November 19, 1960","University of California, Santa Barbara",6-10,Richard Anderson,F-C,/players/a/anderri01.html,240,82.0
1985,1994,"October 15, 1958","California State University, Fresno",6-7,Ron Anderson,F-G,/players/a/anderro01.html,215,79.0
2009,2018,"May 6, 1988",University of California,6-10,Ryan Anderson,F,/players/a/anderry01.html,240,82.0
1997,2006,"December 31, 1973",University of Georgia,6-6,Shandon Anderson,F-G,/players/a/andersh01.html,208,78.0
1989,1997,"January 8, 1967",University of Georgia,6-7,Willie Anderson,G-F,/players/a/anderwi01.html,190,79.0
1970,1970,"January 11, 1946",Creighton University,6-7,Wally Anderzunas,C-F,/players/a/anderwa01.html,220,79.0
2006,2006,"March 12, 1986",,7-2,Martynas Andriuskevicius,C,/players/a/andrima01.html,240,86.0
1955,1955,"November 1, 1930",Missouri State University,6-7,Don Anielak,F,/players/a/anieldo01.html,190,79.0
2018,2018,"October 22, 1998","University of California, Los Angeles",6-10,Ike Anigbogu,F-C,/players/a/anigbik01.html,252,82.0
1990,1992,"February 8, 1967",University of Alabama,6-7,Michael Ansley,F,/players/a/anslemi01.html,225,79.0
1998,2000,"January 1, 1975",,7-0,Chris Anstey,C,/players/a/anstech01.html,249,84.0
2014,2018,"December 6, 1994",,6-11,Giannis Antetokounmpo,F-G,/players/a/antetgi01.html,222,83.0
2016,2016,"July 17, 1992",,6-7,Thanasis Antetokounmpo,F,/players/a/antetth01.html,205,79.0
2004,2018,"May 29, 1984",Syracuse University,6-8,Carmelo Anthony,F,/players/a/anthoca01.html,240,80.0
1992,2002,"November 15, 1967","University of Portland, University of Nevada, Las Vegas",6-0,Greg Anthony,G,/players/a/anthogr01.html,176,72.0
2008,2017,"August 9, 1982","University of Nevada, Las Vegas",6-9,Joel Anthony,C,/players/a/anthojo01.html,245,81.0
2014,2015,"July 29, 1982",,6-11,Pero Antic,C-F,/players/a/anticpe01.html,260,83.0
2018,2018,"July 17, 1997",Indiana University,6-8,OG Anunoby,F,/players/a/anunoog01.html,232,80.0
2016,2016,"February 13, 1992",Michigan State University,6-1,Keith Appling,G,/players/a/applike01.html,185,73.0
2005,2007,"August 12, 1980",Brigham Young University,6-11,Rafael Araujo,C,/players/a/araujra01.html,280,83.0
1962,1962,"February 17, 1936",Iowa State University,6-4,Stacey Arceneaux,F,/players/a/arcenst01.html,210,76.0
2003,2004,"March 29, 1980",University of Illinois at Urbana-Champaign,6-11,Robert Archibald,F,/players/a/archiro01.html,250,83.0
1971,1984,"September 2, 1948",University of Texas at El Paso,6-1,Tiny Archibald,G,/players/a/architi01.html,150,73.0
2018,2018,"March 26, 1994",Villanova University,6-3,Ryan Arcidiacono,G,/players/a/arcidry01.html,188,75.0
1971,1978,"September 19, 1948",University of Cincinnati,6-8,Jim Ard,F-C,/players/a/ardji01.html,215,80.0
2002,2012,"January 6, 1982",University of Arizona,6-3,Gilbert Arenas,G,/players/a/arenagi01.html,191,75.0
2005,2018,"June 30, 1985","University of California, Los Angeles",6-8,Trevor Ariza,F,/players/a/arizatr01.html,215,80.0
1951,1962,"April 9, 1928",Villanova University,6-4,Paul Arizin,F-G,/players/a/arizipa01.html,190,76.0
1988,1988,"July 20, 1965",Niagara University,6-9,Joe Arlauckas,F,/players/a/arlaujo01.html,230,81.0
1990,2000,"September 9, 1967",University of Iowa,6-2,B.J. Armstrong,G,/players/a/armstbj01.html,175,74.0
1957,1957,"June 17, 1933",Michigan State University,6-8,Bob Armstrong,C-F,/players/a/armstbo01.html,220,80.0
2002,2004,"June 16, 1980",Pepperdine University,6-5,Brandon Armstrong,G,/players/a/armstbr01.html,188,77.0
1949,1951,"November 1, 1918",Indiana University,5-11,Curly Armstrong,G-F,/players/a/armstcu01.html,170,71.0
1995,2008,"June 22, 1968",Fayetteville State University,6-0,Darrell Armstrong,G,/players/a/armstda01.html,170,72.0
2007,2014,"November 11, 1984",University of Connecticut,6-11,Hilton Armstrong,F-C,/players/a/armsthi01.html,235,83.0
1978,1979,"October 5, 1955",Duke University,6-3,Tate Armstrong,G,/players/a/armstta01.html,175,75.0
1956,1956,"December 30, 1933",Pennsylvania State University,6-5,Jesse Arnelle,F,/players/a/arnelje01.html,220,77.0
1964,1966,"December 19, 1938",University of Texas at Austin,6-2,Jay Arnette,G,/players/a/arnetja01.html,175,74.0
1970,1974,"November 3, 1947",University of Notre Dame,6-5,Bob Arnzen,F,/players/a/arnzebo01.html,205,77.0
2002,2011,"July 30, 1979",Florida International University,6-2,Carlos Arroyo,G,/players/a/arroyca01.html,202,74.0
2009,2018,"March 25, 1988",University of Kansas,6-9,Darrell Arthur,F,/players/a/arthuda01.html,235,81.0
1970,1970,"August 15, 1947",Tulane University,6-4,John Arthurs,G,/players/a/arthujo01.html,185,76.0
2018,2018,"January 12, 1993",University of Pittsburgh,6-7,Jamel Artis,G-F,/players/a/artisja01.html,213,79.0
2011,2018,"July 4, 1986",,7-0,Omer Asik,C,/players/a/asikom01.html,255,84.0
1988,1998,"February 28, 1966",University of Memphis,6-6,Vincent Askew,G-F,/players/a/askewvi01.html,210,78.0
1991,1999,"December 15, 1967",University of Alabama,6-7,Keith Askins,G-F,/players/a/askinke01.html,197,79.0
1954,1954,"February 15, 1928",Alliance College,6-2,Don Asmonga,G,/players/a/asmondo01.html,185,74.0
1956,1958,"September 21, 1931",Indiana State University,6-2,Dick Atha,G,/players/a/athadi01.html,190,74.0
2000,2010,"August 14, 1974",University of South Florida,5-11,Chucky Atkins,G,/players/a/atkinch01.html,160,71.0
1961,1971,"November 7, 1936",North Carolina Agricultural and Technical State University,6-0,Al Attles,G,/players/a/attleal01.html,175,72.0
1947,1947,"May 18, 1916",Michigan State University,5-10,Chet Aubuchon,G,/players/a/aubucch01.html,137,70.0
1992,2006,"August 1, 1968","University of Nevada, Las Vegas",6-8,Stacey Augmon,F-G,/players/a/augmost01.html,205,80.0
2009,2018,"November 10, 1987",University of Texas at Austin,6-0,D.J. Augustin,G,/players/a/augusdj01.html,183,72.0
2007,2008,"February 27, 1984",University of Illinois at Urbana-Champaign,6-10,James Augustine,F,/players/a/augusja01.html,235,82.0
1992,2002,"August 18, 1969",Arizona State University,6-10,Isaac Austin,C,/players/a/austiis01.html,255,82.0
1967,1968,"August 31, 1944",Boston College,6-0,Johnny Austin,G,/players/a/austijo01.html,170,72.0
1984,1984,"July 15, 1961",Rice University,6-9,Ken Austin,F,/players/a/austike01.html,205,81.0
1993,2000,"October 18, 1969",Seton Hall University,6-9,Anthony Avent,F,/players/a/aventan01.html,235,81.0
1974,1978,"July 22, 1952",Pepperdine University,6-1,Bird Averitt,G,/players/a/averibi01.html,170,73.0
2000,2002,"August 8, 1979",Duke University,6-2,William Avery,G,/players/a/averywi01.html,197,74.0
1971,1982,"February 22, 1948",Santa Clara University,6-10,Dennis Awtrey,C,/players/a/awtrede01.html,235,82.0
2012,2014,"April 1, 1985",,6-10,Gustavo Ayon,C,/players/a/ayongu01.html,250,82.0
2010,2016,"April 29, 1987",Arizona State University,6-9,Jeff Ayres,F,/players/p/pendeje02.html,240,81.0
2007,2012,"December 16, 1983",University of Kentucky,6-5,Kelenna Azubuike,G,/players/a/azubuke01.html,220,77.0
